standard_number,title,scope_description,category,latest_version,year_published,source,needs_review,review_reason
IS 269 - 2015,"Specification for 33,43,53 Grade ordinary Portland cement","Specification for 33,43,53 Grade ordinary Portland cement",Cement & Construction,,2015,wikipedia_civil_codes,True,scope_too_short (7 words)
IS 8041 - 1990,Specification for Rapid hardening Portland cement,specifications for RHPC (Rapid Hardening Portland cement),Cement & Construction,,1990,wikipedia_civil_codes,True,scope_too_short (7 words)
IS 1489 (part 1&2) 1991,Specification for Portland Pozzolona cement,Specification for Portland Pozzolona cement,Cement & Construction,,1991,wikipedia_civil_codes,True,scope_too_short (5 words)
IS 4031 - 1988,Methods of physical test for hydraulic cement,Methods of physical test for hydraulic cement,Cement & Construction,,1988,wikipedia_civil_codes,True,scope_too_short (7 words)
IS 4032 - 1985,Method of chemical analysis of hydraulic cement,Method of chemical analysis of hydraulic cement,Cement & Construction,,1985,wikipedia_civil_codes,True,scope_too_short (7 words)
IS 3535 - 1986,Method of sampling for hydraulic cement,Method of sampling for hydraulic cement,Cement & Construction,,1986,wikipedia_civil_codes,True,scope_too_short (6 words)
IS 650 - 1991,Standard sand testing of cement,Standard sand testing of cement,Cement & Construction,,1991,wikipedia_civil_codes,True,scope_too_short (5 words)
IS 8112 - 2013,Specification for 43 Grade OPC,Specification for 43 Grade OPC,Uncategorized,,2013,wikipedia_civil_codes,True,scope_too_short (5 words)
IS 12269-1987,Specification for 53 Grade OPC,Specification for 53 Grade OPC,Uncategorized,,1987,wikipedia_civil_codes,True,scope_too_short (5 words)
IS 383-2016,Specification for coarse and fine aggregate,specifications for fine and coarse aggregate from natural sources for concrete,Cement & Construction,,2016,wikipedia_civil_codes,False,
IS 2386 (Part I) 1963,Methods of test for aggregate for concrete particle size and shape,Methods of test for aggregate for concrete particle size and shape,Cement & Construction,,1963,wikipedia_civil_codes,False,
IS 2386 (Part II) 1963,Methods of test for aggregate for concrete estimation of deleterious materials and organic impurities,Methods of test for aggregate for concrete estimation of deleterious materials and organic impurities,Cement & Construction,,1963,wikipedia_civil_codes,False,
IS 2386 (Part III) 1963,"Methods of test for aggregate for specific gravity, density, voids, absorption and bulking","Methods of test for aggregate for specific gravity, density, voids, absorption and bulking",Cement & Construction,,1963,wikipedia_civil_codes,False,
IS 2386 (Part IV) 1963,Methods of test for aggregate for Mechanical properties,Methods of test for aggregate for Mechanical properties,Cement & Construction,,1963,wikipedia_civil_codes,True,scope_too_short (8 words)
IS 2386 (Part V) 1963,Methods of test for aggregate Soundness,Methods of test for aggregate Soundness,Cement & Construction,,1963,wikipedia_civil_codes,True,scope_too_short (6 words)
IS 2386 (Part VI) 1963,Methods of test for aggregate measuring mortar making properties of fine aggregates,Methods of test for aggregate measuring mortar making properties of fine aggregates,Cement & Construction,,1963,wikipedia_civil_codes,False,
IS 2386 (Part VII) 1963,Methods of test for aggregate for alkali-aggregate reactivity,Methods of test for aggregate for alkali-aggregate reactivity,Cement & Construction,,1963,wikipedia_civil_codes,True,scope_too_short (8 words)
IS 2386 (Part VIII) 1963,Methods of test for aggregate for petrographic examination,Methods of test for aggregate for petrographic examination,Cement & Construction,,1963,wikipedia_civil_codes,True,scope_too_short (8 words)
IS 5454 - 1978,Method of sampling of clay building bricks,Method of sampling of clay building bricks,Cement & Construction,,1978,wikipedia_civil_codes,True,scope_too_short (7 words)
IS 3495 (Parts I TO iv) 1976,Method of test for burnt-clay building bricks,Method of test for burnt-clay building bricks,Cement & Construction,,1976,wikipedia_civil_codes,True,scope_too_short (7 words)
IS 1077 - 1992,Common burnt clay building bricks,specifications for bricks for masonry work,Cement & Construction,,1992,wikipedia_civil_codes,True,scope_too_short (6 words)
IS 2116 - 1980,Specification for sand for masonry mortars,"permissible clay, silt and fine dust contents in sand",Cement & Construction,,1980,wikipedia_civil_codes,True,scope_too_short (9 words)
IS 2250 - 1981,Code of practice for preparation and use of masonry mortar,Code of practice for preparation and use of masonry mortar,Cement & Construction,,1981,wikipedia_civil_codes,False,
IS 516 - 1959,"Specification for compressive strength , flexural strength","Specification for compressive strength , flexural strength",Uncategorized,,1959,wikipedia_civil_codes,True,scope_too_short (7 words)
IS 456,Code of Practices for plain and reinforced concrete etc.  – 2000,Code of Practices for plain and reinforced concrete etc.  – 2000,Cement & Construction,,2000,wikipedia_civil_codes,False,
IS 1199,Methods of sampling and analysis of concrete  – 1959,Methods of sampling and analysis of concrete  – 1959,Cement & Construction,,1959,wikipedia_civil_codes,True,scope_too_short (9 words)
IS 10262,Recommended Guide Lines for Concrete Mix Design  – 1982,Recommended Guide Lines for Concrete Mix Design  – 1982,Cement & Construction,,1982,wikipedia_civil_codes,True,scope_too_short (9 words)
IS 12200,Code of practice for the provision of water stops.  – 1987,Code of practice for the provision of water stops.  – 1987,Water & Environment,,1987,wikipedia_civil_codes,False,
IS 8543,Procedure for Testing Parts of -19,Procedure for Testing Parts of -19,Uncategorized,,,wikipedia_civil_codes,True,scope_too_short (6 words)
IS 1786,Specifications for HYSD bars.  – 1985,cold-worked HYSD steel rebars (grades Fe415 and Fe500),Uncategorized,,1985,wikipedia_civil_codes,True,scope_too_short (8 words)
IS 432 (P II) 1966,Specification for Mild Steel and Medium Tensile steel bars,Specification for Mild Steel and Medium Tensile steel bars,Metallurgy,,1966,wikipedia_civil_codes,True,scope_too_short (9 words)
IS 5121,Method for Tensile testing of steel wires.  – 1972,Method for Tensile testing of steel wires.  – 1972,Electrical,,1972,wikipedia_civil_codes,True,scope_too_short (9 words)
IS 1566,Hard drawn steel wire for concrete reinforcement.  – 1982,specifications for hard drawn steel wire fabric for reinforcing concrete,Cement & Construction,,1982,wikipedia_civil_codes,False,
IS 1608,Method for Tensile testing of Steel products  – 1972,Method for Tensile testing of Steel products  – 1972,Metallurgy,,1972,wikipedia_civil_codes,True,scope_too_short (9 words)
IS 2502 - 1963,Code of practice for bending & fixing of bars for concrete reinforcement,Code of practice for bending & fixing of bars for concrete reinforcement,Cement & Construction,,1963,wikipedia_civil_codes,False,
IS 458,Specifications for pre cast concrete pipes.  – 1988,Specifications for pre cast concrete pipes.  – 1988,Cement & Construction,,1988,wikipedia_civil_codes,True,scope_too_short (8 words)
IS 3597,Methods of Tests for concrete pipes.  – 1985,Methods of Tests for concrete pipes.  – 1985,Cement & Construction,,1985,wikipedia_civil_codes,True,scope_too_short (8 words)
IS:2720 (Part .I) 1983,Preparation of dry sample (soil),Preparation of dry sample (soil),Uncategorized,,1983,wikipedia_civil_codes,True,scope_too_short (5 words)
IS:2720 (Part .II) 1973,Determination of water content (moisture content),Determination of water content (moisture content),Water & Environment,,1973,wikipedia_civil_codes,True,scope_too_short (6 words)
IS: 2720 (Part. III) 1980,Determination of specific gravity of fine-grained soil  Sect/1,"Determination of specific gravity of fine, medium & coarse-grained soil.  Sect/2",Food & Agriculture,,1980,wikipedia_civil_codes,False,
IS:2720 (Part.4) 1985,Grain size analysis,Grain size analysis,Food & Agriculture,,1985,wikipedia_civil_codes,True,scope_too_short (3 words)
IS:2720 (Part.5) 1985,Determination of Liquid and plastic limit,Determination of Liquid and plastic limit,Plastics & Rubber,,1985,wikipedia_civil_codes,True,scope_too_short (6 words)
IS: 2720 (Part. VI) 1987,Determination of shrinkage factors,Determination of shrinkage factors,Uncategorized,,1987,wikipedia_civil_codes,True,scope_too_short (4 words)
IS: 2720 (Part. VII) 1980,Determination of water content - dry density relation using light compaction,Determination of water content - dry density relation using light compaction,Water & Environment,,1980,wikipedia_civil_codes,False,
IS:2720 (Part.8) 1983,Determination of water content - dry density relation using heavy compaction,Determination of water content - dry density relation using heavy compaction,Water & Environment,,1983,wikipedia_civil_codes,False,
IS:2720 (Part IX) 1971,Determination of water content - dry density relation using constant wt. soil method,Determination of water content - dry density relation using constant wt. soil method,Water & Environment,,1971,wikipedia_civil_codes,False,
IS: 2720 (Part. X) 1991,Determination of Unconfined compressive strength,Determination of Unconfined compressive strength,Uncategorized,,1991,wikipedia_civil_codes,True,scope_too_short (5 words)
IS:2720(Part. XI) 1971,Determination of shear strength parameters(tri-axial) with out measurement of pore pressure parameters(Tri-axial compaction),Determination of shear strength parameters(tri-axial) with out measurement of pore pressure parameters(Tri-axial compaction),Mining & Minerals,,1971,wikipedia_civil_codes,False,
IS: 2720 (Part. XII) 1981,Determination of shear strength parameters (Tri-axial compaction),Determination of shear strength parameters (Tri-axial compaction),Uncategorized,,1981,wikipedia_civil_codes,True,scope_too_short (7 words)
IS: 2720 (Part. XIII) 1986,Direct shear test,Direct shear test,Uncategorized,,1986,wikipedia_civil_codes,True,scope_too_short (3 words)
IS:2720 (Part.14) 1983,Determination of Density Index (R.D) of cohesionless soil,Determination of Density Index (R.D) of cohesionless soil,Uncategorized,,1983,wikipedia_civil_codes,True,scope_too_short (8 words)
IS:2720 (Part.15) 1986,Determination of consolidation properties,Determination of consolidation properties,Uncategorized,,1986,wikipedia_civil_codes,True,scope_too_short (4 words)
IS:2720 (Part.17) 1986,Determination of permeability,Determination of permeability,Uncategorized,,1986,wikipedia_civil_codes,True,scope_too_short (3 words)
IS:2720 (Part.28) 1974,"Determination of dry density of soils, in place by the sand replacement method","Determination of dry density of soils, in place by the sand replacement method",Cement & Construction,,1974,wikipedia_civil_codes,False,
IS:2720 (Part.29) 1975,"Determination of dry density of soils, in place by the core-cutter method","Determination of dry density of soils, in place by the core-cutter method",Mining & Minerals,,1975,wikipedia_civil_codes,False,
IS:2720 (Part.30) 1980,Laboratory vane shear test,Laboratory vane shear test,Uncategorized,,1980,wikipedia_civil_codes,True,scope_too_short (4 words)
IS:2720 (Part.33) 1971,Determination of the density in place by the ring and water replacement method,Determination of the density in place by the ring and water replacement method,Cement & Construction,,1971,wikipedia_civil_codes,False,
IS:1498 1970,Classification and identification of soils for General Engineering purposes,Classification and identification of soils for General Engineering purposes,Mechanical,,1970,wikipedia_civil_codes,True,scope_too_short (9 words)
IS 13270:2013,"covers fibers intended for use in fiber-reinforced concrete, in all types of concrete and mortar, including sprayed concrete, flooring, precast, in situ and repair concretes","covers fibers intended for use in fiber-reinforced concrete, in all types of concrete and mortar, including sprayed concrete, flooring, precast, in situ and repair concretes",Cement & Construction,,2013,wikipedia_civil_codes,False,
IS 2720,(All Parts) [ 1 ],(Cant say's) all Properties and Testing,Uncategorized,,,wikipedia_civil_codes,True,scope_too_short (6 words)
IS: 2386,methods of tests for aggregate for concrete. (nine parts),methods of tests for aggregate for concrete. (nine parts),Cement & Construction,,,wikipedia_civil_codes,True,scope_too_short (9 words)
IS: 2430,methods of sampling,methods of sampling,Uncategorized,,,wikipedia_civil_codes,True,scope_too_short (3 words)
IS: 4082,specifications for storage of materials,specifications for storage of materials,Uncategorized,,,wikipedia_civil_codes,True,scope_too_short (5 words)
IS: 455,specifications for PSC (Portland slag cement),specifications for PSC (Portland slag cement),Cement & Construction,Amendments: 6,1989,wikipedia_civil_codes;archive_org_bis,True,scope_too_short (6 words)
IS: 1489,specifications for PPC (Portland pozzolana cement),specifications for PPC (Portland pozzolana cement),Cement & Construction,,,wikipedia_civil_codes,True,scope_too_short (6 words)
IS: 6909,specifications for SSC (super-sulphated cement),specifications for SSC (super-sulphated cement),Cement & Construction,,,wikipedia_civil_codes,True,scope_too_short (5 words)
IS: 12330,specifications for SRPC (sulphate resistant Portland cement),specifications for SRPC (sulphate resistant Portland cement),Cement & Construction,,,wikipedia_civil_codes,True,scope_too_short (7 words)
IS: 6452,specifications for HAC for structural use (high alumina cement),specifications for HAC for structural use (high alumina cement),Cement & Construction,,,wikipedia_civil_codes,True,scope_too_short (9 words)
IS: 13311,ultrasonic testing of concrete structures,ultrasonic testing of concrete structures,Cement & Construction,,,wikipedia_civil_codes,True,scope_too_short (5 words)
IS: 4925,specifications for concrete batching plant,specifications for concrete batching plant,Cement & Construction,,,wikipedia_civil_codes,True,scope_too_short (5 words)
IS: 3025,tests on water samples,Methods Of Sampling And Test Physical And Chemical For Water And Wastewater Part 59 Manganese Second Revision,Water & Environment,Amendments: 0,2023,wikipedia_civil_codes;archive_org_bis,False,
IS: 4990,specifications for plywood formwork for concrete,specifications for plywood formwork for concrete,Cement & Construction,,,wikipedia_civil_codes,True,scope_too_short (6 words)
IS: 9103,specifications for concrete admixtures,specifications for concrete admixtures,Cement & Construction,,,wikipedia_civil_codes,True,scope_too_short (4 words)
IS: 3495,methods of testing of bricks,Burnt Clay Building Bricks — Methods of Tests Part 2 Determination of Water Absorption ( Fourth Revision ),Cement & Construction,Amendments: 0,2020,wikipedia_civil_codes;archive_org_bis,False,
IS: 432,; 226; 2062 – mild steel of grade I,; 226; 2062 – mild steel of grade I,Metallurgy,,2062,wikipedia_civil_codes,True,scope_too_short (9 words)
IS: 1785,specifications for plain hard drawn steel wire fabric for prestressed concrete,specifications for plain hard drawn steel wire fabric for prestressed concrete,Cement & Construction,,,wikipedia_civil_codes,False,
IS: 2090,specifications for high tensile strength steel bar for prestressed concrete,specifications for high tensile strength steel bar for prestressed concrete,Cement & Construction,,2090,wikipedia_civil_codes,False,
IS: 226,specifications for rolled steel made from structural steel,specifications for rolled steel made from structural steel,Cement & Construction,,,wikipedia_civil_codes,True,scope_too_short (8 words)
IS: 2932,specifications for synthetic enamel paint for structural steel,specifications for synthetic enamel paint for structural steel,Cement & Construction,,,wikipedia_civil_codes,True,scope_too_short (8 words)
IS: 12118,specifications for Polysulphide sealants,specifications for Polysulphide sealants,Uncategorized,,,wikipedia_civil_codes,True,scope_too_short (4 words)
IS 2925,Specification for Industrial Safety Helmets(Bi-Lingual),Specification for Industrial Safety Helmets(Bi-Lingual),Cement & Construction,Amendments: 4,1984,archive_org_bis,True,scope_too_short (5 words)
IS 2534,Carbide Tipped Dead Centres,Carbide Tipped Dead Centres,Mechanical,,1999,archive_org_bis,True,scope_too_short (4 words)
IS 2535-1,Cylindrical gears for general and heavy engineering ; Part 1 Standard basic rack tooth profile,Cylindrical gears for general and heavy engineering ; Part 1 Standard basic rack tooth profile,Mechanical,,2004,archive_org_bis,False,
IS 2425,Test chart for pillar type vertical drilling machines,Test chart for pillar type vertical drilling machines,Mechanical,,1982,archive_org_bis,True,scope_too_short (8 words)
IS 12246,"Irons, Pyro-puncture with Copper Needles","Irons, Pyro-puncture with Copper Needles",Metallurgy,,1988,archive_org_bis,True,scope_too_short (5 words)
IS 2726,Code of practice for fire safety of industrial buildings: Cotton ginning and pressing (including cotton seed delintering)factories,Code of practice for fire safety of industrial buildings: Cotton ginning and pressing (including cotton seed delintering)factories,Cement & Construction,,1988,archive_org_bis,False,
IS 2636,Wing Nuts,Wing Nuts,Mechanical,,1972,archive_org_bis,True,scope_too_short (2 words)
IS 260,"Aluminium sulphate, non-ferric","Aluminium sulphate, non-ferric",Chemicals,,2001,archive_org_bis,True,scope_too_short (3 words)
IS 26002 :,ASSURANCE ENGAGEMENT STANDARD PART 2 CONDUCTING ASSURANCE ENGAGEMENTS FOR ALL MATTERS OTHER THAN STATUTORY FINANCIAL INFORMATION â”€ GUIDANCE,ASSURANCE ENGAGEMENT STANDARD PART 2 CONDUCTING ASSURANCE ENGAGEMENTS FOR ALL MATTERS OTHER THAN STATUTORY FINANCIAL INFORMATION â”€ GUIDANCE,Uncategorized,Amendments: 0,2022,archive_org_bis,False,
IS 2629,Recommended Practice for Hot-Dip Galvanizing of Iron and Steel,Recommended Practice for Hot-Dip Galvanizing of Iron and Steel,Mechanical,Amendments: 3,1985,archive_org_bis,True,scope_too_short (9 words)
IS 2759,Higher tensile steel point hooks for use with wire rope thimbles,Higher tensile steel point hooks for use with wire rope thimbles,Mechanical,,1969,archive_org_bis,False,
IS 2783,"Balaclava Caps, Wool, Plain-knitted","Balaclava Caps, Wool, Plain-knitted",Textiles,,1976,archive_org_bis,True,scope_too_short (4 words)
IS 216,Coal tar pitch,Coal tar pitch,Petroleum,,2006,archive_org_bis,True,scope_too_short (3 words)
IS 1242,Handloom Cotton Shirting,Handloom Cotton Shirting,Textiles,Amendments: 2,1975,archive_org_bis,True,scope_too_short (3 words)
IS 12437,Zirconium powder for use in explosive and pyrotechnic industry,Zirconium powder for use in explosive and pyrotechnic industry,Chemicals,Amendments: 1,1988,archive_org_bis,True,scope_too_short (9 words)
IS 12448-2-3,"General Examination, Electrical Continuity and Contact Resistance Tests, Insulation Tests and Voltage Stress Tests, Section 3: Insulation Tests","General Examination, Electrical Continuity and Contact Resistance Tests, Insulation Tests and Voltage Stress Tests, Section 3: Insulation Tests",Electronics,,1988,archive_org_bis,False,
IS 2987,Direction of operation of controls for machine tools - Recommendations,Direction of operation of controls for machine tools - Recommendations,Mechanical,,1992,archive_org_bis,False,
IS 2990,Tenons,Tenons,Mechanical,,1986,archive_org_bis,True,scope_too_short (1 words)
IS 2997,Air circulator type electric fans and regulators,Air circulator type electric fans and regulators,Electrical,Amendments: 8,1964,archive_org_bis,True,scope_too_short (7 words)
IS 3005-2,"Grey Cast Iron Ingot Moulds, Stools and Slag Ladles, Part II: Grey Cast Iron Ingot Moulds of Mass More than Eight Tonnes","Grey Cast Iron Ingot Moulds, Stools and Slag Ladles, Part II: Grey Cast Iron Ingot Moulds of Mass More than Eight Tonnes",Mechanical,Amendments: 1,1979,archive_org_bis,False,
IS 3014,Ferroniobium (Ferrocolumbium),Ferroniobium (Ferrocolumbium),Mechanical,,1993,archive_org_bis,True,scope_too_short (2 words)
IS 2911-1-1,"DESIGN AND CONSTRUCTION OF PILE FOUNDATIONS — CODE OF PRACTICE, Part 1: CONCRETE PILES, Section 1: Driven Cast In-situ Concrete Piles","DESIGN AND CONSTRUCTION OF PILE FOUNDATIONS — CODE OF PRACTICE, Part 1: CONCRETE PILES, Section 1: Driven Cast In-situ Concrete Piles",Cement & Construction,,2010,archive_org_bis,False,
IS 2911-2,"Code of practice for design and construction of pile foundations, Part 2: Timber piles","Code of practice for design and construction of pile foundations, Part 2: Timber piles",Cement & Construction,Amendments: 1,1980,archive_org_bis,False,
IS 12567,Pneumatic handling equipment - Bends - Dimensions,Pneumatic handling equipment - Bends - Dimensions,Mechanical,,1989,archive_org_bis,True,scope_too_short (7 words)
IS 12614-1,"Methods of Chemical Analysis of Ferromolybdenum, Part 1: Determination of Molybdenum","Methods of Chemical Analysis of Ferromolybdenum, Part 1: Determination of Molybdenum",Chemicals,,1988,archive_org_bis,False,
IS 12614-4,"Methods of Chemical Analysis of Ferro-molybdenum, Part 4: Determination of Sulphur","Methods of Chemical Analysis of Ferro-molybdenum, Part 4: Determination of Sulphur",Chemicals,,1988,archive_org_bis,False,
IS 12451,Margarine,Margarine,Food & Agriculture,Amendments: 2,1988,archive_org_bis,True,scope_too_short (1 words)
IS 12452,Code of practice for packaging of microscopes for export,Code of practice for packaging of microscopes for export,Mechanical,,1988,archive_org_bis,True,scope_too_short (9 words)
IS 12473-5,"Chemical Analysis of Hardmetals by Flame Atomic Absorption Spectrometry, Part 5: Determination of cobalt, iron, manganese, molybdenum, nickel, titanium and vanadium in contents from 0.5 to 2 percent (","Chemical Analysis of Hardmetals by Flame Atomic Absorption Spectrometry, Part 5: Determination of cobalt, iron, manganese, molybdenum, nickel, titanium and vanadium in contents from 0.5 to 2 percent (m/m)",Chemicals,,1988,archive_org_bis,False,
IS 3063,Fasteners - Single coil rectangular section spring lock washers,Fasteners - Single coil rectangular section spring lock washers,Mechanical,Amendments: 1,1994,archive_org_bis,True,scope_too_short (9 words)
IS 3064,Hand made drawing paper,Hand made drawing paper,Chemicals,Amendments: 2,1986,archive_org_bis,True,scope_too_short (4 words)
IS 3075-2,"Circlips, Part 2: For Bores","Circlips, Part 2: For Bores",Mechanical,Amendments: 1,1986,archive_org_bis,True,scope_too_short (5 words)
IS 3141,Starter Motors for internal combustion engines used for automotive and other applications,Starter Motors for internal combustion engines used for automotive and other applications,Mechanical,,2007,archive_org_bis,False,
IS 3156-3,"Voltage transformers, Part 3: Protective voltage transformers","Voltage transformers, Part 3: Protective voltage transformers",Electrical,,1992,archive_org_bis,True,scope_too_short (7 words)
IS 3160 : 2022,Tur Chuni as Livestock Feed Ingredient-Specification,Tur Chuni as Livestock Feed Ingredient-Specification,Uncategorized,Amendments: 0,2022,archive_org_bis,True,scope_too_short (6 words)
IS 3170-1,"Internal Combustion Engines - Fuel Injection Nozzles, Part 1: Injection Nozzles - Size 'S'","Internal Combustion Engines - Fuel Injection Nozzles, Part 1: Injection Nozzles - Size 'S'",Mechanical,,2006,archive_org_bis,False,
IS 326-11,Methods of test for natural and synthetic perfumery materials (Part 11) Determination of carbonyl value and content of carbonyl compounds,Methods of test for natural and synthetic perfumery materials (Part 11) Determination of carbonyl value and content of carbonyl compounds,Petroleum,,1986,archive_org_bis,False,
IS 326-19,"Method of Sampling and Test for Natural and Synthetic Perfumery Materials, Part 19: GAS Chromatograpfilc Analysis of Perfumery Materials","Method of Sampling and Test for Natural and Synthetic Perfumery Materials, Part 19: GAS Chromatograpfilc Analysis of Perfumery Materials",Petroleum,,1998,archive_org_bis,False,
IS 326-21,"Methods of Sampling and Test for Natural and Sythetic Perfumery Materials, Part 21: Determination of Water Content - Karl Fischer Method","Methods of Sampling and Test for Natural and Sythetic Perfumery Materials, Part 21: Determination of Water Content - Karl Fischer Method",Petroleum,,2001,archive_org_bis,False,
IS 3262 : 2023,Textiles - Pilot Lead Line - Specification,Textiles - Pilot Lead Line - Specification,Textiles,Amendments: 0,2023,archive_org_bis,True,scope_too_short (7 words)
IS 327,Oil of Lemongrass,Oil of Lemongrass,Petroleum,Amendments: 1,1991,archive_org_bis,True,scope_too_short (3 words)
IS 3279,General requirements for mushroom ventilators,General requirements for mushroom ventilators,Mechanical,,1966,archive_org_bis,True,scope_too_short (5 words)
IS 3288-1,"Glossary of Terms Relating to Copper and Copper Alloys, Part 1: Materials","Glossary of Terms Relating to Copper and Copper Alloys, Part 1: Materials",Mechanical,,1986,archive_org_bis,False,
IS 3312 : 2021,Steel Shelving Cabinets ( Adjustable Type ) - Specification ( Third Revision ),Steel Shelving Cabinets ( Adjustable Type ) - Specification ( Third Revision ),Metallurgy,Amendments: 0,2021,archive_org_bis,False,
IS 3318,General requirements for surgical scalpels and knives,General requirements for surgical scalpels and knives,Medical & Healthcare,Amendments: 1,1965,archive_org_bis,True,scope_too_short (7 words)
IS 3322-1,"Water-resistant clothing, Part 1: PVC-coated fabrics","Water-resistant clothing, Part 1: PVC-coated fabrics",Petroleum,,1987,archive_org_bis,True,scope_too_short (6 words)
IS 3326,Cotton Stockinette,Cotton Stockinette,Textiles,Amendments: 3,1978,archive_org_bis,True,scope_too_short (2 words)
IS 3179,Engineering metrology - Feeler gauges,Engineering metrology - Feeler gauges,Mechanical,,1990,archive_org_bis,True,scope_too_short (5 words)
IS 3188,Characteristics of string insulator units,Characteristics of string insulator units,Electrical,,1980,archive_org_bis,True,scope_too_short (5 words)
IS 3212,"Engineers' drawings instruments, lengthening bars","Engineers' drawings instruments, lengthening bars",Mechanical,,1991,archive_org_bis,True,scope_too_short (5 words)
IS 12767,Liquid soap for cleaning painted surfaces,Liquid soap for cleaning painted surfaces,Chemicals,,1989,archive_org_bis,True,scope_too_short (6 words)
IS 12771,General characteristics for nuclear reactor instrumentation,General characteristics for nuclear reactor instrumentation,Electronics,,1989,archive_org_bis,True,scope_too_short (6 words)
IS 12778,"Hot Rolled Parallel Flange Steel Sections for Beams, Columns and Bearing Piles - Dimensions and Section Properties","Hot Rolled Parallel Flange Steel Sections for Beams, Columns and Bearing Piles - Dimensions and Section Properties",Cement & Construction,,2004,archive_org_bis,False,
IS 13033,Straw Holding Clips,Straw Holding Clips,Food & Agriculture,,1990,archive_org_bis,True,scope_too_short (3 words)
IS 13050,Internal Combustion Engines - Valve Seat Inserts,Internal Combustion Engines - Valve Seat Inserts,Mechanical,,1991,archive_org_bis,True,scope_too_short (7 words)
IS 13057,Potassium iodate,Potassium iodate,Chemicals,Amendments: 1,1991,archive_org_bis,True,scope_too_short (2 words)
IS 13067,Impregnants for power capacitors,Impregnants for power capacitors,Electrical,,1991,archive_org_bis,True,scope_too_short (4 words)
IS 13082-2,"Bulk handling equipment - Ship unloader - Gantry mounted grab type - Code of practice for design, manufacture and erection, Part 2 Electro-mechanical requirements","Bulk handling equipment - Ship unloader - Gantry mounted grab type - Code of practice for design, manufacture and erection, Part 2 Electro-mechanical requirements",Mechanical,,1991,archive_org_bis,False,
IS 13103,"Hydraulic fluid power - Single rod cylinders, 160 bar (16 MPa) compact series - Port dimensions","Hydraulic fluid power - Single rod cylinders, 160 bar (16 MPa) compact series - Port dimensions",Mechanical,,2005,archive_org_bis,False,
IS 2974-5,"Code of practice for design and construction of machine foundations, Part 5: Foundations for impact machines other than hammer (forging and stamping press, pig breaker, drop crusher and jolter)","Code of practice for design and construction of machine foundations, Part 5: Foundations for impact machines other than hammer (forging and stamping press, pig breaker, drop crusher and jolter)",Cement & Construction,,1987,archive_org_bis,False,
IS 302 :,Safety of household and similar electrical appliances: Part 2 Particular requirements Section 26 Clocks,Safety of household and similar electrical appliances: Part 2 Particular requirements Section 26 Clocks,Electrical,Amendments: 0,2018,archive_org_bis,False,
IS 302-2-3,"Safety of household and similar electrical appliances, Part 2: Particular requirements, Section 3: Electric iron","Safety of household and similar electrical appliances, Part 2: Particular requirements, Section 3: Electric iron",Electrical,,2007,archive_org_bis,False,
IS 302-2-32,"Safety of household and similar electrical appliances, Part 2: Particular requirements: Section 32 Massage appliances","Safety of household and similar electrical appliances, Part 2: Particular requirements: Section 32 Massage appliances",Electrical,Amendments: 1,1994,archive_org_bis,False,
IS 3023,Recommended practice for building up by metal spraying,Recommended practice for building up by metal spraying,Cement & Construction,,1965,archive_org_bis,True,scope_too_short (8 words)
IS 3025-2,"Methods of Sampling and Test (Physical and Chemical) for Water and Waste Water, Part 2: Determination of 33 Elements by Inductively Coupled Plasma Atomic Emission Spectroscopy","Methods of Sampling and Test (Physical and Chemical) for Water and Waste Water, Part 2: Determination of 33 Elements by Inductively Coupled Plasma Atomic Emission Spectroscopy",Chemicals,,2004,archive_org_bis,False,
IS 3025-3,"Methods of Sampling and Test (Physical and Chemical) for Water and Wastewater, Part 3: Precision and Accuracy","Methods of Sampling and Test (Physical and Chemical) for Water and Wastewater, Part 3: Precision and Accuracy",Chemicals,Amendments: 1,1987,archive_org_bis,False,
IS 3660-2,"Methods of Test for Natural Rubber, Part 2: Determination of Volatile Matter","Methods of Test for Natural Rubber, Part 2: Determination of Volatile Matter",Petroleum,Amendments: 1,1985,archive_org_bis,False,
IS 3660-7,"Methods of Test for Natural Rubber, Part 7: Determination of Mooney Viscosity","Methods of Test for Natural Rubber, Part 7: Determination of Mooney Viscosity",Petroleum,,2013,archive_org_bis,False,
IS 368,Electric Immersion Water Heaters LEGALLY BINDING DOCUMENT Step Out From the Old to the New --Jawaharlal Nehru Invent a new India using Knowledge --Satyanarayan Gangaram Pitroda,Electric Immersion Water Heaters LEGALLY BINDING DOCUMENT Step Out From the Old to the New --Jawaharlal Nehru Invent a new India using Knowledge --Satyanarayan Gangaram Pitroda,Electrical,,2014,archive_org_bis,False,
IS 3680,Round printing ink containers,Round printing ink containers,Mechanical,,1987,archive_org_bis,True,scope_too_short (4 words)
IS 3741-1,"Medical Instruments - Sedimentation Tubes, Part 1: Westergren Tube","Medical Instruments - Sedimentation Tubes, Part 1: Westergren Tube",Medical & Healthcare,,1990,archive_org_bis,True,scope_too_short (9 words)
IS 3746 : 2018,Graphical Symbols for Coal Preparation Plant (Second Revision),Graphical Symbols for Coal Preparation Plant (Second Revision),Mining & Minerals,Amendments: 0,2018,archive_org_bis,True,scope_too_short (8 words)
IS 3771 : 2019,"Textiles — Long Cloth, Cotton Khadi, Bleached — Specification ( Second Revision )","Textiles — Long Cloth, Cotton Khadi, Bleached — Specification ( Second Revision )",Textiles,Amendments: 1,2019,archive_org_bis,False,
IS 3792,Guide for heat insulation of non industrial buildings,Guide for heat insulation of non industrial buildings,Cement & Construction,,1978,archive_org_bis,True,scope_too_short (8 words)
IS 3796,"SPICES AND CONDIMENTS — FENNEL SEEDS,WHOLE - SPECIFICATION","SPICES AND CONDIMENTS — FENNEL SEEDS,WHOLE - SPECIFICATION",Food & Agriculture,,1993,archive_org_bis,True,scope_too_short (8 words)
IS 3803-2,"Steel - Conversion of Elongation Values, Part 2: Austenitic steels","Steel - Conversion of Elongation Values, Part 2: Austenitic steels",Mechanical,,1989,archive_org_bis,False,
IS 3810-3,Glossary of terms relating to solid mineral fuels; Part III Terms relating to coke,Glossary of terms relating to solid mineral fuels; Part III Terms relating to coke,Petroleum,,1977,archive_org_bis,False,
IS 3810 :,Glossary Of Terms Relating To Solid Mineral Fuels Part 3- Coke,Glossary Of Terms Relating To Solid Mineral Fuels Part 3- Coke,Mining & Minerals,Amendments: 0,2023,archive_org_bis,False,
IS 3445,Forged steel rolls,Forged steel rolls,Mechanical,,1992,archive_org_bis,True,scope_too_short (3 words)
IS 3451-2,"Code of practice for care and maintenance of brushes, Part 2 - Brushes other than pan set brushes","Code of practice for care and maintenance of brushes, Part 2 - Brushes other than pan set brushes",Chemicals,,1975,archive_org_bis,False,
IS 3452-2,"Toggle Switches, Part 2: Toggle Switches, Type I and type II","Toggle Switches, Part 2: Toggle Switches, Type I and type II",Electronics,Amendments: 3,1970,archive_org_bis,False,
IS 3495-1,"Methods of tests of burnt clay building bricks: Part 1 Determination of compressive strength Part 2 Determination of water absorption Part 3 Determination of efflorescence, Part 4: Determination of wa","Methods of tests of burnt clay building bricks: Part 1 Determination of compressive strength Part 2 Determination of water absorption Part 3 Determination of efflorescence, Part 4: Determination of warpage",Cement & Construction,,1992,archive_org_bis,False,
IS 334,Glossary of Terms Relating to Bitumen and Tar,Glossary of Terms Relating to Bitumen and Tar,Petroleum,,2002,archive_org_bis,True,scope_too_short (8 words)
IS 3722-1,"Letter symbols and signs used in electrical technology, Part 1: General guidance on symbols and subscripts","Letter symbols and signs used in electrical technology, Part 1: General guidance on symbols and subscripts",Electrical,,1983,archive_org_bis,False,
IS 4100,Alcoholic Drinks - Gin,Alcoholic Drinks - Gin,Food & Agriculture,Amendments: 1,2005,archive_org_bis,True,scope_too_short (4 words)
IS 13505,Centrifugally cast high alloy steel and nickel base tubing for pressure application at high temperature,Centrifugally cast high alloy steel and nickel base tubing for pressure application at high temperature,Mechanical,,1992,archive_org_bis,False,
IS 3921,Aluminium channels -,Aluminium channels -,Cement & Construction,,1985,archive_org_bis,True,scope_too_short (3 words)
IS 13580,Internal Fuses and Internal Overpressure Disconnectors for Power Electronic Capacitors,Internal Fuses and Internal Overpressure Disconnectors for Power Electronic Capacitors,Electrical,,1992,archive_org_bis,False,
IS 4151,Specification for protective helmets for scooter and motorcycle riders,Specification for protective helmets for scooter and motorcycle riders,Cement & Construction,Amendments: 2,1993,archive_org_bis,True,scope_too_short (9 words)
IS 4160,"Interlocking switch socket outlet, Specification","Interlocking switch socket outlet, Specification",Electrical,,2005,archive_org_bis,True,scope_too_short (5 words)
IS 4162-3,"Specification for Graduated Pipettes, Part 3: Pipettes For Which a Waiting Time of 15s Is Specified","Specification for Graduated Pipettes, Part 3: Pipettes For Which a Waiting Time of 15s Is Specified",Chemicals,,1985,archive_org_bis,False,
IS 417-6,"Footballs, Volleyballs, Basketballs, Netballs, Throwballs and Water-polo Balls, Part VI: Water-polo Balls","Footballs, Volleyballs, Basketballs, Netballs, Throwballs and Water-polo Balls, Part VI: Water-polo Balls",Petroleum,Amendments: 1,1976,archive_org_bis,False,
IS 4182,Misch metal,Misch metal,Mechanical,,1988,archive_org_bis,True,scope_too_short (2 words)
IS 4201,Application Guide for Current Transformer,Application Guide for Current Transformer,Electrical,,1983,archive_org_bis,True,scope_too_short (5 words)
IS 4203,Method for determination of sulphate content in textile materials,Method for determination of sulphate content in textile materials,Textiles,,1967,archive_org_bis,True,scope_too_short (9 words)
IS 4215,Ring Type Needle Bearings,Ring Type Needle Bearings,Mechanical,,1983,archive_org_bis,True,scope_too_short (4 words)
IS 4269,Dextrin for use in foundries,Dextrin for use in foundries,Mechanical,,1981,archive_org_bis,True,scope_too_short (5 words)
IS 427 : 2013,"Distemper, Dry, Colour as Required - Specification","Distemper, Dry, Colour as Required - Specification",Uncategorized,Amendments: 0,2018,archive_org_bis,True,scope_too_short (7 words)
IS 4273,iso-bornyl Acetate,iso-bornyl Acetate,Petroleum,,1984,archive_org_bis,True,scope_too_short (2 words)
IS 4281,"Scissors, McIndoe's, for Plastic Surgery","Scissors, McIndoe's, for Plastic Surgery",Medical & Healthcare,Amendments: 1,1967,archive_org_bis,True,scope_too_short (5 words)
IS 4283,Hot air fan,Hot air fan,Electrical,Amendments: 3,1981,archive_org_bis,True,scope_too_short (3 words)
IS 4223,Steel Wire for Umbrella Ribs,Steel Wire for Umbrella Ribs,Electrical,,1975,archive_org_bis,True,scope_too_short (5 words)
IS 4247-1,"Code of practice for structural design of surface hydroelectric power stations, Part 1: Data for design","Code of practice for structural design of surface hydroelectric power stations, Part 1: Data for design",Water & Environment,Amendments: 1,1993,archive_org_bis,False,
IS 4250,Domestic Electric Food-Mixers (Liquidizes and Grinders),Domestic Electric Food-Mixers (Liquidizes and Grinders),Electrical,Amendments: 9,1980,archive_org_bis,True,scope_too_short (6 words)
IS 4254,Jaw crushers - General requirements,Jaw crushers - General requirements,Mechanical,Amendments: 1,1994,archive_org_bis,True,scope_too_short (5 words)
IS 4259,Code of practice for erection and calibration of direction finders (medium frequency) for marine use,Code of practice for erection and calibration of direction finders (medium frequency) for marine use,Mechanical,Amendments: 1,1967,archive_org_bis,False,
IS 4319-1,"Pliers, Stretching and Contouring, Dental, Part 1: Pliers, Stretching and Contouring","Pliers, Stretching and Contouring, Dental, Part 1: Pliers, Stretching and Contouring",Medical & Healthcare,,1986,archive_org_bis,False,
IS 4320,"Thiram, Technical","Thiram, Technical",Food & Agriculture,,1982,archive_org_bis,True,scope_too_short (2 words)
IS 13450-2-4,"Medical electrical equipment, Part 2: Particular requirements for the safety , Section 4 Cardia Defibrillators","Medical electrical equipment, Part 2: Particular requirements for the safety , Section 4 Cardia Defibrillators",Electrical,,2009,archive_org_bis,False,
IS 13465-1,"Solventless Polymerisable Resinous Compounds Used for Electrical Insulation, Part 1: Definitions and General Requirements","Solventless Polymerisable Resinous Compounds Used for Electrical Insulation, Part 1: Definitions and General Requirements",Electrical,,2005,archive_org_bis,False,
IS 13468,Apparatus for determination of dry density of soil by core cutter method-,Apparatus for determination of dry density of soil by core cutter method-,Cement & Construction,,1992,archive_org_bis,False,
IS 13602 : 2013,Automotive vehicles - Instrument systems - Temperature gauges mechanical types,Automotive vehicles - Instrument systems - Temperature gauges mechanical types,Mechanical,Amendments: 0,2019,archive_org_bis,False,
IS 13609,Pallets - Quality of timber - Guidelines,Pallets - Quality of timber - Guidelines,Mechanical,,1992,archive_org_bis,True,scope_too_short (7 words)
IS 13612-1,"Modular co-ordination for normal brickwork - Recommendations, Part 1: Burnt clay bricks","Modular co-ordination for normal brickwork - Recommendations, Part 1: Burnt clay bricks",Cement & Construction,,1993,archive_org_bis,False,
IS 13622,Indian timbers for furnitures and cabinets- Classification,Indian timbers for furnitures and cabinets- Classification,Cement & Construction,,1993,archive_org_bis,True,scope_too_short (7 words)
IS 4352,"Pork Luncheon Meat, Canned","Pork Luncheon Meat, Canned",Food & Agriculture,Amendments: 2,1967,archive_org_bis,True,scope_too_short (4 words)
IS 4358,Sickles,Sickles,Food & Agriculture,,1996,archive_org_bis,True,scope_too_short (1 words)
IS 4366-1,"Agricultural Tillage Discs, Part 1: Concave Type","Agricultural Tillage Discs, Part 1: Concave Type",Food & Agriculture,,1985,archive_org_bis,True,scope_too_short (7 words)
IS 4375 : 2019,Specification for Men’s Cotton Knitted Sports Shirt / T-Shirt ( Second Revision ),Specification for Men’s Cotton Knitted Sports Shirt / T-Shirt ( Second Revision ),Textiles,Amendments: 0,2019,archive_org_bis,False,
IS 13630 :,"Ceramic Tiles — Methods of Test, Sampling and Basis for Acceptance Part 16 Determination of Lead and Cadmium Given Off by Glazed Tiles","Ceramic Tiles — Methods of Test, Sampling and Basis for Acceptance Part 16 Determination of Lead and Cadmium Given Off by Glazed Tiles",Uncategorized,Amendments: 0,2019,archive_org_bis,False,
IS 1364-3,"Hexagon Head Bolts, Screws and Nuts of Product Grades A and B, Part 3: Hexagon Nuts, Style 1 (Size Range M 1.6 to M 64)","Hexagon Head Bolts, Screws and Nuts of Product Grades A and B, Part 3: Hexagon Nuts, Style 1 (Size Range M 1.6 to M 64)",Mechanical,,2002,archive_org_bis,False,
IS 13782,Permeable sintered metal materials - Determination of fluid permeability,Permeable sintered metal materials - Determination of fluid permeability,Mechanical,,1993,archive_org_bis,True,scope_too_short (9 words)
IS 13799,Polyurethane Base Surfacer (Two Pack) for Exterior Painting of Railway Coaches,Polyurethane Base Surfacer (Two Pack) for Exterior Painting of Railway Coaches,Chemicals,,1993,archive_org_bis,False,
IS 13803,Sintered metal materials and hardmetals - Determination of young modulus,Sintered metal materials and hardmetals - Determination of young modulus,Mechanical,,1993,archive_org_bis,False,
IS 1381-2,"Boiling flasks, Part 2: Flasks with conical ground socket","Boiling flasks, Part 2: Flasks with conical ground socket",Chemicals,,2008,archive_org_bis,True,scope_too_short (9 words)
IS 13889,Wheelchairs - Type Classification Based on Appearance Characteristics,Wheelchairs - Type Classification Based on Appearance Characteristics,Safety & PPE,,1993,archive_org_bis,True,scope_too_short (8 words)
IS 13891,Quality tolerances for fresh water for fish culture,Quality tolerances for fresh water for fish culture,Chemicals,,1994,archive_org_bis,True,scope_too_short (8 words)
IS 13904,"Textiles - Serge, drab, polyester-wool blended","Textiles - Serge, drab, polyester-wool blended",Textiles,,1993,archive_org_bis,True,scope_too_short (6 words)
IS 13916,Code of practice for installation of glass fibre reinforced plastic (GRP) piping system,Code of practice for installation of glass fibre reinforced plastic (GRP) piping system,Cement & Construction,,1994,archive_org_bis,False,
IS 4682-7,"Code of Practice for Lining of Vessels and Equipment for Chemical Processes, Part VII: Corrosion and Heat Resistant Metals","Code of Practice for Lining of Vessels and Equipment for Chemical Processes, Part VII: Corrosion and Heat Resistant Metals",Mechanical,,1974,archive_org_bis,False,
IS 13879,Textile machinery and accessories - Numbering of heald frames in a loom,Textile machinery and accessories - Numbering of heald frames in a loom,Textiles,,1993,archive_org_bis,False,
IS 4561-3,"Oil Cans, Part III: Feeding Oil Cans","Oil Cans, Part III: Feeding Oil Cans",Mechanical,,1968,archive_org_bis,True,scope_too_short (7 words)
IS 4561-5,"Oil Cans, Part V: Lever Type Oil Cans","Oil Cans, Part V: Lever Type Oil Cans",Mechanical,,1968,archive_org_bis,True,scope_too_short (8 words)
IS 4570-13-1,"Crystal Unit Holders, Part 13: Quartz Crystal Unit Holder Outline for Automatic Handling, Section 1: Metal, Sealed, Two Pin Crystal Unit Holder Type CU 01","Crystal Unit Holders, Part 13: Quartz Crystal Unit Holder Outline for Automatic Handling, Section 1: Metal, Sealed, Two Pin Crystal Unit Holder Type CU 01",Electronics,Amendments: 1,1993,archive_org_bis,False,
IS 4007-2-1,"Terminals for Electronic Equipment, Part 2: Detail Terminals, Section 1: Terminal, Insulated, with Insulated Captive Screw Cap, Type TSC 1","Terminals for Electronic Equipment, Part 2: Detail Terminals, Section 1: Terminal, Insulated, with Insulated Captive Screw Cap, Type TSC 1",Electronics,,1983,archive_org_bis,False,
IS 4007-2-2,"Terminals for electronic equipment, Part 2: Details specification for terminals, Section 2: Terminal non-insulated, with insulated captive screw cap, type TSC 2","Terminals for electronic equipment, Part 2: Details specification for terminals, Section 2: Terminal non-insulated, with insulated captive screw cap, type TSC 2",Electronics,,1983,archive_org_bis,False,
IS 4007-2-3,"Terminals for Electronic Equipment, Part 2: Detail Terminals, Section 3: Terminal, Non-insulated, with Insulated Captive Screw cap, Type TSC 3","Terminals for Electronic Equipment, Part 2: Detail Terminals, Section 3: Terminal, Non-insulated, with Insulated Captive Screw cap, Type TSC 3",Electronics,,1983,archive_org_bis,False,
IS 4011,Methods of test for safety evaluation of cosmetics,Methods of test for safety evaluation of cosmetics,Petroleum,Amendments: 2,1997,archive_org_bis,True,scope_too_short (8 words)
IS 4020-1,Door Shutters - Methods of Tests,Door Shutters - Methods of Tests,Cement & Construction,Amendments: 2,1998,archive_org_bis,True,scope_too_short (6 words)
IS 4022,"Indexable hardmetal (carbide) inserts with rounded corners, without fixing hole - Dimensions","Indexable hardmetal (carbide) inserts with rounded corners, without fixing hole - Dimensions",Mechanical,,1996,archive_org_bis,False,
IS 4025,Rolling bearings -Gauging practice,Rolling bearings -Gauging practice,Mechanical,,2006,archive_org_bis,True,scope_too_short (4 words)
IS 4121,Method of test for determination of water transmission rate by capillary action through natural building stones,Method of test for determination of water transmission rate by capillary action through natural building stones,Cement & Construction,,1967,archive_org_bis,False,
IS 4142,Discus,Discus,Petroleum,Amendments: 3,1967,archive_org_bis,True,scope_too_short (1 words)
IS 14181-2,"Synthetic (Plastic) Slide Fasteners - Special Purpose, Part 2: Test and Measurement Methods","Synthetic (Plastic) Slide Fasteners - Special Purpose, Part 2: Test and Measurement Methods",Mechanical,,2002,archive_org_bis,False,
IS 4402,Textiles - Fishing Nets - Netting - Basic Terms and Definitions,Textiles - Fishing Nets - Netting - Basic Terms and Definitions,Textiles,,2005,archive_org_bis,False,
IS 514,Textiles - Mercerized cotton fabrics for covering aircrafts and gliders,Textiles - Mercerized cotton fabrics for covering aircrafts and gliders,Textiles,,1992,archive_org_bis,False,
